headline_split,model,feature_set,rows,attacks,threshold_mode,target_val_recall,threshold,f1_reference_threshold,accuracy,precision,recall,f1,fpr,roc_auc,roc_auc_ci_low,roc_auc_ci_high,pr_auc,pr_auc_ci_low,pr_auc_ci_high
split4_realistic,hgb_balanced,baseline,546207,247953,matched_recall,0.8346795907377491,0.00046984761143764223,0.00046984761143764223,0.6801981666291351,0.8354990247520673,0.3679689295955282,0.5109195981587877,0.06023054175300247,0.9236743425860356,0.9228954053634792,0.9243243771801584,0.8661199049888157,0.8647114723833109,0.8674613271949628
split4_realistic,hgb_balanced,ebpf,546207,247953,matched_recall,0.8346795907377491,5.544248212178979e-05,4.6115635571081585e-05,0.6648321973171344,0.7763900011927685,0.3675212641105371,0.49888456095498007,0.08799881979789038,0.8804700446652877,0.8795791385212159,0.8812480991364537,0.8253215576933755,0.8236714326939107,0.8266957024200754
