headline_split,model,feature_set,rows,attacks,threshold_mode,target_val_recall,threshold,f1_reference_threshold,accuracy,precision,recall,f1,fpr,roc_auc,roc_auc_ci_low,roc_auc_ci_high,pr_auc,pr_auc_ci_low,pr_auc_ci_high
split4_realistic,hgb_balanced,baseline,546207,247953,matched_recall,0.5810446957458266,0.0008563202432689416,0.0004643497758279152,0.6854525848258993,0.8580564463797011,0.36796489657314085,0.5150557180115387,0.050604518296485546,0.920167789289307,0.9193530456081376,0.9209039670979402,0.8575172215506839,0.8560615716407789,0.8589793491093807
split4_realistic,hgb_balanced,ebpf,546207,247953,matched_recall,0.5810446957458266,0.0004472946219706496,0.0004472946219706496,0.6850552995476074,0.8571603288990912,0.36745270272995284,0.5143925001482017,0.05090627451769297,0.7115036219893844,0.7100720755847975,0.7127894239812076,0.7154877259841218,0.713684030644848,0.7171437331199868
