split,feature_set,model,val_auc,val_f1,train_auc,train_f1,overfit_gap_auc,overfit_gap_f1,selection_score,selected
split2_balanced_quota,baseline,hgb_balanced,0.9978324924173301,0.9846659364731654,0.9994002717524403,0.9887633839275208,0.0015677793351102087,0.004097447454355474,0.996024240886186,True
split2_balanced_quota,baseline,rf_balanced,0.9980067171479722,0.985649856498565,0.9999154015484111,0.9924307130445027,0.001908684400438898,0.006780856545937741,0.9953571608112682,False
split2_balanced_quota,baseline,et_balanced,0.9967341207835869,0.9808847624249044,0.998876861118364,0.9847066075674407,0.0021427403347771268,0.003821845142536251,0.9947072893305643,False
split2_balanced_quota,baseline,logreg_balanced,0.8558356920750345,0.887281795511222,0.8489650397110234,0.8823920973453684,0.0,0.0,0.8558356920750345,False
split2_balanced_quota,ebpf,hgb_balanced,0.9988425047569375,0.9909365558912386,0.9997881920181882,0.9947712032140853,0.0009456872612507716,0.0038346473228466627,0.9974109992956004,True
split2_balanced_quota,ebpf,rf_balanced,0.9988667910935365,0.9913520933424845,0.9999928679079467,0.9967170447487504,0.0011260768144102373,0.0053649514062659165,0.996962514834765,False
split2_balanced_quota,ebpf,et_balanced,0.9977496963440583,0.9872024219072519,0.9990407406663503,0.9907985443356312,0.0012910443222919898,0.003596122428379256,0.9962051435758175,False
split2_balanced_quota,ebpf,logreg_balanced,0.8880137452224401,0.8881669373984755,0.8853712898761996,0.8836650835156625,0.0,0.0,0.8880137452224401,False
