attack,n,detected,detection_rate_baseline,detection_rate_ebpf,delta
DDoS,86636,86624,0.9998614894501131,0.9999884574541761,0.00012696800406297726
Bot,2208,0,0.0,0.0,0.0
PortScan,159109,4614,0.028998988115065773,0.02813165817144222,-0.0008673299436235543
