feature_set,model,threshold_mode,target_val_recall,validation_threshold,val_precision,val_recall,val_fpr,test_precision,test_recall,test_fpr,test_fp,test_tp,test_fn,test_tn
baseline,hgb_balanced,matched_recall,0.5810446957458266,0.0008563202432689416,0.11617725573945542,0.5858912224017232,0.02291737617224165,0.8580564463797011,0.36796489657314085,0.050604518296485546,15093,91238,156715,283161
ebpf,hgb_balanced,matched_recall,0.5810446957458266,0.0004472946219706496,0.12118149146451034,0.5810446957458266,0.021665877558027173,0.8571603288990912,0.36745270272995284,0.05090627451769297,15183,91111,156842,283071
