feature_set,model,threshold_mode,target_val_recall,validation_threshold,val_precision,val_recall,val_fpr,test_precision,test_recall,test_fpr,test_fp,test_tp,test_fn,test_tn
baseline,hgb_balanced,matched_recall,0.8346795907377491,0.00046984761143764223,0.1183477132167672,0.8346795907377491,0.03197135950958974,0.8354990247520673,0.3679689295955282,0.06023054175300247,17964,91239,156714,280290
ebpf,hgb_balanced,matched_recall,0.8346795907377491,5.544248212178979e-05,0.0703522149600581,0.8346795907377491,0.056710607558276366,0.7763900011927685,0.3675212641105371,0.08799881979789038,26246,91128,156825,272008
