{
  "n_runs": 3,
  "cpu_percent_mean": 0.35555555555555557,
  "cpu_percent_std": 0.13977495139343474,
  "rss_mb_mean": 53.46553819444444,
  "rss_mb_std": 5.954952593467404
}