feature,mean_abs_shap
resp_bytes,2.342382622485281
resp_p,2.0436498717655724
proto_i,1.7166696623460362
resp_pkts,0.8278377595905663
orig_p,0.6770304689514859
ebpf_bytes_sent,0.5687427580651696
ebpf_samples,0.4995218614513464
duration,0.4105048786900389
orig_pkts,0.1504134682637182
orig_bytes,0.14202892534051093
src_port,0.0
dst_port,0.0
ebpf_bytes_recv,0.0
ebpf_retransmits,0.0
ebpf_state_changes,0.0
ebpf_pid,0.0
ebpf_uid,0.0
