variant,model,n_features,roc_auc_realistic,pr_auc_realistic,f1_realistic,recall_realistic,precision_realistic,delta_roc_auc_realistic_vs_all,delta_pr_auc_realistic_vs_all,delta_f1_realistic_vs_all,delta_recall_realistic_vs_all,delta_precision_realistic_vs_all
all_features,hgb_balanced,17,0.7115036219893844,0.7154877259841218,0.5143925001482017,0.36745270272995284,0.8571603288990912,0.0,0.0,0.0,0.0,0.0
zeek_only_masked_view,hgb_balanced,10,0.7442581236132031,0.7448838063887064,0.5064404177929055,0.36724298556581286,0.8155681543380713,0.032754501623818655,0.029396080404584635,-0.007952082355296208,-0.00020971716413997754,-0.041592174561019934
ebpf_only_masked_view,hgb_balanced,7,0.5390374224244138,0.4977486491074593,0.0,0.0,0.0,-0.17246619956497067,-0.2177390768766625,-0.5143925001482017,-0.36745270272995284,-0.8571603288990912
