variant,model,n_features,roc_auc_realistic,pr_auc_realistic,f1_realistic,recall_realistic,precision_realistic,delta_roc_auc_realistic_vs_all,delta_pr_auc_realistic_vs_all,delta_f1_realistic_vs_all,delta_recall_realistic_vs_all,delta_precision_realistic_vs_all
all_features,hgb_balanced,17,0.7115036211239696,0.7154877053017932,0.5143925001482017,0.36745270272995284,0.8571603288990912,0.0,0.0,0.0,0.0,0.0
zeek_only_masked_view,hgb_balanced,10,0.7442581234374157,0.7448838046641709,0.5064404177929055,0.36724298556581286,0.8155681543380713,0.03275450231344612,0.029396099362377748,-0.007952082355296208,-0.00020971716413997754,-0.041592174561019934
ebpf_only_masked_view,hgb_balanced,7,0.5390374224244138,0.4977486491074593,0.0,0.0,0.0,-0.17246619869955582,-0.21773905619433387,-0.5143925001482017,-0.36745270272995284,-0.8571603288990912
