feature,importance_mean,importance_std
proto_i,0.3050593019315485,0.0022207776241993916
resp_bytes,0.12184149037452999,0.003429923373738776
resp_pkts,0.06096688773781278,0.001185669276740032
duration,0.059231446967129744,0.0025834618749469426
orig_pkts,0.013627793645414731,0.0011202421106279857
orig_bytes,0.008062238789110943,0.0002819495729778737
dst_port,0.0,0.0
src_port,0.0,0.0
orig_p,-0.005160139420051335,0.001945404224659756
resp_p,-0.012860805860805957,0.0013312184082791099
