feature,mean_abs_shap
resp_p,42.57523043654111
orig_p,33.489908977991995
resp_bytes,2.4323826671815536
proto_i,2.406182444192324
ebpf_samples,1.036779233376487
resp_pkts,0.9266117188302556
ebpf_bytes_sent,0.5137240740404799
duration,0.32912524730332465
orig_pkts,0.17127337160600906
orig_bytes,0.16079874690186802
src_port,0.0
dst_port,0.0
ebpf_bytes_recv,0.0
ebpf_retransmits,0.0
ebpf_state_changes,0.0
ebpf_pid,0.0
ebpf_uid,0.0
