feature,mean_abs_shap
resp_bytes,2.5090551792647102
proto_i,2.003436184537503
resp_p,1.8994874081663664
resp_pkts,0.8507872308357284
orig_p,0.6621375119805867
ebpf_samples,0.4040143482711888
ebpf_bytes_sent,0.38598791016921385
duration,0.3622186991193346
orig_bytes,0.15312194396549855
orig_pkts,0.10358224182866387
src_port,0.0
dst_port,0.0
ebpf_bytes_recv,0.0
ebpf_retransmits,0.0
ebpf_state_changes,0.0
ebpf_pid,0.0
ebpf_uid,0.0
