feature,mean_abs_shap
resp_p,42.57522811449479
orig_p,33.48990690794082
resp_bytes,2.432382683286035
proto_i,2.4061824470266373
ebpf_samples,1.0367798825041217
resp_pkts,0.9266117398909898
ebpf_bytes_sent,0.5137242912000776
duration,0.32912520000898055
orig_pkts,0.1712732183048684
orig_bytes,0.16079872480908397
src_port,0.0
dst_port,0.0
ebpf_bytes_recv,0.0
ebpf_retransmits,0.0
ebpf_state_changes,0.0
ebpf_pid,0.0
ebpf_uid,0.0
