feature,mean_abs_shap
proto_i,3.0124969998860833
resp_bytes,2.4667682559647957
resp_p,2.3708867645458542
resp_pkts,1.0023863860688216
orig_p,0.7392187450619772
duration,0.5832264456443307
orig_bytes,0.21880953201668582
orig_pkts,0.13684728128903353
src_port,0.0
dst_port,0.0
